Date,Date,pr,pr_seasonal,pr_residue
2010-10-20,20-10-2010,0.847736143,0.778315145132247,0.0694209978677535
2010-10-21,21-10-2010,0.814093236,0.777651955085105,0.0364412809148942
2010-10-22,22-10-2010,0.8081088,0.776998986367611,0.0311098136323886
2010-10-23,23-10-2010,0.814994364,0.776356431763629,0.038637932236371
2010-10-24,24-10-2010,0.828573897,0.775724480982338,0.0528494160176624
2010-10-25,25-10-2010,0.886957257,0.775103320602222,0.111853936397779
2010-10-26,26-10-2010,0.831089434,0.774493134015983,0.056596299984017
2010-10-27,27-10-2010,0.828701318,0.773894101376401,0.0548072166235975
2010-10-28,28-10-2010,0.668554013,0.773306399543138,-0.104752386543138
2010-10-29,29-10-2010,0.824043212,0.772730202030525,0.0513130099694753
2010-10-30,30-10-2010,0.773629325,0.772165678956332,0.00146364604366818
2010-10-31,31-10-2010,0.751339843,0.771612996991547,-0.0202731539915462
2010-11-01,01-11-2010,0.780805686,0.771072319311159,0.00973336668884044
2010-11-02,02-11-2010,0.819211413,0.770543805545991,0.0486676074540082
2010-11-03,03-11-2010,0.781690022,0.770027611735563,0.0116624102644368
2010-11-04,04-11-2010,0.844229764,0.769523890282027,0.0747058737179728
2010-11-05,05-11-2010,0.814130421,0.769032789905169,0.0450976310948306
2010-11-06,06-11-2010,0.807383166,0.768554455598503,0.0388287104014969
2010-11-07,07-11-2010,0.794706835,0.76808902858646,0.0266178064135403
2010-11-08,08-11-2010,0.806536169,0.767636646282695,0.0388995227173058
2010-11-09,09-11-2010,0.801128151,0.767197442249515,0.0339307087504842
2010-11-10,10-11-2010,0.793054695,0.766771546158448,0.0262831488415518
2010-11-11,11-11-2010,0.776103966,0.766359083751955,0.00974488224804497
2010-11-12,12-11-2010,0.764422808,0.765960176806309,-0.00153736880630874
2010-11-13,13-11-2010,0.752722657,0.765574943095639,-0.0128522860956395
2010-11-14,14-11-2010,0.806349474,0.765203496357162,0.0411459776428381
2010-11-15,15-11-2010,0.740293784,0.764845946257596,-0.0245521622575959
2010-11-16,16-11-2010,0.891202715,0.76450239836079,0.126700316639211
2010-11-17,17-11-2010,0.788199238,0.764172954096548,0.0240262839034519
2010-11-18,18-11-2010,0.821962783,0.763857710730695,0.0581050722693059
2010-11-19,19-11-2010,0.811399367,0.763556761336344,0.0478426056636562
2010-11-20,20-11-2010,0.792568218,0.763270194766435,0.0292980232335649
2010-11-21,21-11-2010,0.756079126,0.762998095627484,-0.00691896962748429
2010-11-22,22-11-2010,0.793988397,0.762740544254618,0.031247852745382
2010-11-23,23-11-2010,0.787112193,0.762497616687847,0.0246145763121528
2010-11-24,24-11-2010,0.797068569,0.762269384649622,0.0347991843503787
2010-11-25,25-11-2010,0.718817262,0.762055915523649,-0.0432386535236489
2010-11-26,26-11-2010,0.744368335,0.761857272335006,-0.0174889373350062
2010-11-27,27-11-2010,0.742425681,0.761673513731528,-0.0192478327315264
2010-11-28,28-11-2010,0.844025551,0.761504693966491,0.0825208570335093
2010-11-29,29-11-2010,0.848032615,0.761350862882602,0.0866817521173983
2010-11-30,30-11-2010,0.784065615,0.761212065897274,0.0228535491027267
2010-12-01,01-12-2010,0.701511466,0.761088343989223,-0.059576877989223
2010-12-02,02-12-2010,0.721082504,0.760979733686365,-0.0398972296863657
2010-12-03,03-12-2010,0.684740385,0.760886267055038,-0.0761458820550376
2010-12-04,04-12-2010,0.779662192,0.760807971690526,0.0188542203094751
2010-12-05,05-12-2010,0.790554196,0.760744870708917,0.0298093252910824
2010-12-06,06-12-2010,0.778012392,0.760696982740281,0.0173154092597187
2010-12-07,07-12-2010,0.777984438,0.760664321923161,0.017320116076839
2010-12-08,08-12-2010,0.74534454,0.760646897900406,-0.0153023579004064
2010-12-09,09-12-2010,0.803193752,0.760644715816321,0.042549036183679
2010-12-10,10-12-2010,0.878916447,0.76065777631515,0.118258670684849
2010-12-11,11-12-2010,0.797231493,0.760686075540884,0.0365454174591165
2010-12-12,12-12-2010,0.786225483,0.760729605138398,0.0254958778616018
2010-12-13,13-12-2010,0.780521271,0.760788352255923,0.0197329187440774
2010-12-14,14-12-2010,0.796850562,0.760862299548836,0.0359882624511641
2010-12-15,15-12-2010,0.777571903,0.760951425184781,0.016620477815219
2010-12-16,16-12-2010,0.802386186,0.761055702850118,0.0413304831498821
2010-12-17,17-12-2010,0.792603414,0.761175101757687,0.0314283122423129
2010-12-18,18-12-2010,0.765116809,0.761309586655904,0.00380722234409591
2010-12-19,19-12-2010,0.733891961,0.761459117839162,-0.0275671568391625
2010-12-20,20-12-2010,0.821802464,0.76162365115956,0.0601788128404393
2010-12-21,21-12-2010,0.809875194,0.761803138039932,0.0480720559600677
2010-12-22,22-12-2010,0.801328528,0.761997525488191,0.0393310025118089
2010-12-23,23-12-2010,0.812830971,0.762206756112978,0.0506242148870219
2010-12-24,24-12-2010,0.810893768,0.762430768140599,0.0484629998594002
2010-12-25,25-12-2010,0.789486735,0.762669495433271,0.0268172395667279
2010-12-26,26-12-2010,0.820035127,0.762922867508644,0.0571122594913568
2010-12-27,27-12-2010,0.836293952,0.763190809560609,0.0731031424393899
2010-12-28,28-12-2010,0.777487877,0.76347324248139,0.0140146345186103
2010-12-29,29-12-2010,0.774257793,0.763770082884893,0.0104877101151069
2010-12-30,30-12-2010,0.784659497,0.764081243131331,0.0205782538686687
2010-12-31,31-12-2010,0.723308402,0.764406631353096,-0.0410982293530958
2011-01-01,01-01-2011,0.742632133,0.76474615148188,-0.0221140184818802
2011-01-02,02-01-2011,0.775319483,0.765099703277043,0.0102197797229567
2011-01-03,03-01-2011,0.760870811,0.765467182355207,-0.00459637135520772
2011-01-04,04-01-2011,0.709738905,0.765848480221072,-0.0561095752210717
2011-01-05,05-01-2011,0.767761561,0.766243484299448,0.00151807670055191
2011-01-06,06-01-2011,0.740738413,0.766652077968498,-0.0259136649684987
2011-01-07,07-01-2011,0.767553079,0.767074140594164,0.000478938405835366
2011-01-08,08-01-2011,0.753787422,0.767509547565784,-0.0137221255657843
2011-01-09,09-01-2011,0.738262247,0.767958170332882,-0.029695923332883
2011-01-10,10-01-2011,0.785407488,0.768419876443127,0.0169876115568737
2011-01-11,11-01-2011,0.759486734,0.768894529581428,-0.00940779558142781
2011-01-12,12-01-2011,0.948236164,0.769381989610191,0.178854174389809
2011-01-13,13-01-2011,0.801664339,0.769882112610687,0.0317822263893132
2011-01-14,14-01-2011,0.764928229,0.770394750925543,-0.00546652192554392
2011-01-15,15-01-2011,0.776314523,0.770919753202342,0.00539476979765899
2011-01-16,16-01-2011,0.783625585,0.771456964438299,0.0121686205617012
2011-01-17,17-01-2011,0.809339647,0.772006226026036,0.0373334209739638
2011-01-18,18-01-2011,0.801524171,0.772567375800399,0.028956795199601
2011-01-19,19-01-2011,0.743727117,0.773140248086344,-0.0294131310863438
2011-01-20,20-01-2011,0.791250742,0.773724673747846,0.0175260682521534
2011-01-21,21-01-2011,0.788914814,0.774320480237838,0.0145943337621625
2011-01-22,22-01-2011,0.789741686,0.774927491649152,0.0148141943508479
2011-01-23,23-01-2011,0.775901848,0.775545528766456,0.000356319233543412
2011-01-24,24-01-2011,0.786067574,0.776174409119166,0.00989316488083416
2011-01-25,25-01-2011,0.799453537,0.776813947035317,0.0226395899646823
2011-01-26,26-01-2011,0.789757609,0.777463953696383,0.0122936553036163
2011-01-27,27-01-2011,0.772841805,0.778124237193024,-0.00528243219302472
2011-01-28,28-01-2011,0.816450091,0.778794602581745,0.037655488418255
2011-01-29,29-01-2011,0.791816921,0.779474851942452,0.0123420690575489
2011-01-30,30-01-2011,0.778002944,0.780164784436884,-0.00216184043688395
2011-01-31,31-01-2011,0.76749227,0.780864196367915,-0.0133719263679149
2011-02-01,01-02-2011,0.718880801,0.781572881239688,-0.0626920802396891
2011-02-02,02-02-2011,0.843905531,0.782290629818585,0.0616149011814156
2011-02-03,03-02-2011,0.814192423,0.783017230194996,0.0311751928050038
2011-02-04,04-02-2011,0.766421704,0.783752467845892,-0.0173307638458925
2011-02-05,05-02-2011,0.836661799,0.784496125698155,0.0521656733018449
2011-02-06,06-02-2011,0.962679792,0.785247984192668,0.177431807807332
2011-02-07,07-02-2011,0.782382161,0.78600782134914,-0.00362566034914007
2011-02-08,08-02-2011,0.760324207,0.786775412831644,-0.0264512058316444
2011-02-09,09-02-2011,0.796001809,0.787550532014849,0.00845127698515138
2011-02-10,10-02-2011,0.785581546,0.788332950050928,-0.00275140405092785
2011-02-11,11-02-2011,0.824771753,0.789122435937125,0.0356493170628746
2011-02-12,12-02-2011,0.783721495,0.789918756583961,-0.00619726158396115
2011-02-13,13-02-2011,0.810348491,0.790721676884045,0.019626814115955
2011-02-14,14-02-2011,0.821227076,0.79153095978149,0.0296961162185099
2011-02-15,15-02-2011,0.760895855,0.792346366341902,-0.0314505113419004
2011-02-16,16-02-2011,0.79824837,0.793167655822925,0.00508071417707534
2011-02-17,17-02-2011,0.797240951,0.793994585745317,0.00324636525468214
2011-02-18,18-02-2011,0.761950719,0.794826911964542,-0.0328761929645417
2011-02-19,19-02-2011,0.740879768,0.795664388742845,-0.0547846207428461
2011-02-20,20-02-2011,0.802267396,0.796506768821815,0.00576062717818424
2011-02-21,21-02-2011,0.814950344,0.797353803495374,0.0175965405046256
2011-02-22,22-02-2011,0.803320229,0.798205242683217,0.00511498631678253
2011-02-23,23-02-2011,0.825338766,0.799060835004638,0.0262779309953614
2011-02-24,24-02-2011,0.826028559,0.799920327852752,0.0261082311472488
2011-02-25,25-02-2011,0.794460477,0.800783467469072,-0.00632299046907299
2011-02-26,26-02-2011,0.801329782,0.801649999018437,-0.000320217018437019
2011-02-27,27-02-2011,0.766985444,0.802519666664238,-0.0355342226642382
2011-02-28,28-02-2011,0.766031023,0.803392213643963,-0.0373611906439629
2011-03-01,01-03-2011,0.842092928,0.804267382344996,0.0378255456550041
2011-03-02,02-03-2011,0.842092928,0.805144914380682,0.0369480136193183
2011-03-03,03-03-2011,0.733517361,0.806024550666606,-0.0725071896666062
2011-03-04,04-03-2011,0.740866676,0.806906031497094,-0.0660393554970947
2011-03-05,05-03-2011,0.806189022,0.807789096621881,-0.0016000746218816
2011-03-06,06-03-2011,0.7823464,0.808673485322955,-0.0263270853229542
2011-03-07,07-03-2011,0.771399194,0.809558936491524,-0.0381597424915232
2011-03-08,08-03-2011,0.834731276,0.810445188705116,0.0242860872948841
2011-03-09,09-03-2011,0.901485925,0.811331980304753,0.0901539446952473
2011-03-10,10-03-2011,0.769599718,0.812219049472209,-0.0426193314722092
2011-03-11,11-03-2011,0.858378003,0.813106134307309,0.0452718686926894
2011-03-12,12-03-2011,0.779406398,0.813992972905253,-0.0345865749052522
2011-03-13,13-03-2011,0.899799954,0.814879303433935,0.0849206505660648
2011-03-14,14-03-2011,0.972835254,0.815764864211259,0.157070389788741
2011-03-15,15-03-2011,0.776734268,0.816649393782389,-0.0399151257823898
2011-03-16,16-03-2011,0.872027711,0.817532630996945,0.0544950800030547
2011-03-17,17-03-2011,0.81877438,0.818414315086106,0.000360064913893731
2011-03-18,18-03-2011,0.897864378,0.819294185739596,0.0785701922604031
2011-03-19,19-03-2011,0.710222718,0.820171983182546,-0.109949265182547
2011-03-20,20-03-2011,0.746537854,0.821047448252182,-0.0745095942521822
2011-03-21,21-03-2011,0.741343579,0.821920322474347,-0.0805767434743478
2011-03-22,22-03-2011,0.839431145,0.822790348139812,0.0166407968601879
2011-03-23,23-03-2011,0.884716964,0.823657268380359,0.0610596956196408
2011-03-24,24-03-2011,0.866042528,0.824520827244625,0.0415217007553749
2011-03-25,25-03-2011,0.865188261,0.825380769773665,0.0398074912263341
2011-03-26,26-03-2011,0.874257109,0.826236842076231,0.0480202669237697
2011-03-27,27-03-2011,0.861594403,0.827088791403726,0.0345056115962752
2011-03-28,28-03-2011,0.854662094,0.827936366224828,0.0267257277751718
2011-03-29,29-03-2011,0.860444676,0.828779316299759,0.031665359700241
2011-03-30,30-03-2011,0.866342004,0.829617392754155,0.0367246112458453
2011-03-31,31-03-2011,0.817332026,0.830450348152553,-0.0131183221525535
2011-04-01,01-04-2011,0.876135543,0.831277936571441,0.0448576064285597
2011-04-02,02-04-2011,0.885669984,0.832099913671865,0.0535700703281355
2011-04-03,03-04-2011,0.856648542,0.832916036771568,0.0237325052284324
2011-04-04,04-04-2011,0.823273608,0.833726064916642,-0.0104524569166421
2011-04-05,05-04-2011,0.677503701,0.834529758952665,-0.157026057952665
2011-04-06,06-04-2011,0.855483033,0.835326881595311,0.0201561514046875
2011-04-07,07-04-2011,0.843125393,0.836117197500408,0.00700819549959265
2011-04-08,08-04-2011,0.85410529,0.836900473333415,0.0172048166665847
2011-04-09,09-04-2011,0.868482014,0.837676477838322,0.0308055361616782
2011-04-10,10-04-2011,0.857094063,0.838444981905918,0.0186490810940817
2011-04-11,11-04-2011,0.869748443,0.839205758641438,0.0305426843585619
2011-04-12,12-04-2011,0.839267177,0.83995858343155,-0.000691406431551372
2011-04-13,13-04-2011,0.851178664,0.840703234010674,0.010475429989326
2011-04-14,14-04-2011,0.797805503,0.841439490526596,-0.0436339875265965
2011-04-15,15-04-2011,0.876370231,0.842167135605389,0.0342030953946104
2011-04-16,16-04-2011,0.900153062,0.842885954415581,0.0572671075844186
2011-04-17,17-04-2011,0.87195008,0.843595734731587,0.0283543452684133
2011-04-18,18-04-2011,0.872899805,0.844296266996366,0.0286035380036338
2011-04-19,19-04-2011,0.855192523,0.844987344383293,0.0102051786167067
2011-04-20,20-04-2011,0.858406985,0.845668762857219,0.0127382221427813
2011-04-21,21-04-2011,0.863877217,0.846340321234713,0.0175368957652866
2011-04-22,22-04-2011,0.89238969,0.847001821243461,0.0453878687565383
2011-04-23,23-04-2011,0.855875535,0.847653067580802,0.00822246741919772
2011-04-24,24-04-2011,0.851411209,0.848293867971391,0.00311734102860825
2011-04-25,25-04-2011,0.864418686,0.848924033223968,0.0154946527760329
2011-04-26,26-04-2011,0.857841421,0.849543377287209,0.0082980437127906
2011-04-27,27-04-2011,0.858115143,0.850151717304666,0.00796342569533429
2011-04-28,28-04-2011,0.832173173,0.850748873668746,-0.0185757006687459
2011-04-29,29-04-2011,0.8242571,0.851334670073741,-0.0270775700737409
2011-04-30,30-04-2011,0.745779818,0.851908933567884,-0.106129115567884
2011-05-01,01-05-2011,0.81388986,0.852471494604405,-0.0385816346044059
2011-05-02,02-05-2011,0.790805587,0.853022187091598,-0.0622166000915982
2011-05-03,03-05-2011,0.824827121,0.853560848441845,-0.028733727441846
2011-05-04,04-05-2011,0.870088583,0.854087319619635,0.0160012633803648
2011-05-05,05-05-2011,0.742983182,0.854601445188502,-0.111618263188503
2011-05-06,06-05-2011,0.908930871,0.855103073356926,0.0538277976430735
2011-05-07,07-05-2011,0.749738708,0.855592056023148,-0.105853348023149
2011-05-08,08-05-2011,0.842231757,0.856068248818891,-0.0138364918188917
2011-05-09,09-05-2011,0.922853272,0.85653151115199,0.0663217608480097
2011-05-10,10-05-2011,0.89668912,0.856981706247891,0.0397074137521096
2011-05-11,11-05-2011,0.909454157,0.857418701190044,0.0520354558099554
2011-05-12,12-05-2011,0.906748169,0.85784236695914,0.0489058020408601
2011-05-13,13-05-2011,0.727500994,0.8582525784712,-0.1307515844712
2011-05-14,14-05-2011,0.827109511,0.858649214614511,-0.031539703614512
2011-05-15,15-05-2011,0.90673182,0.85903215828538,0.0476996617146197
2011-05-16,16-05-2011,0.664373461,0.859401296422709,-0.195027835422708
2011-05-17,17-05-2011,0.73814712,0.859756520041372,-0.121609400041371
2011-05-18,18-05-2011,0.877486695,0.860097724264399,0.0173889707356015
2011-05-19,19-05-2011,0.866953735,0.860424808353932,0.00652892664606726
2011-05-20,20-05-2011,0.933631351,0.860737675740976,0.0728936752590236
2011-05-21,21-05-2011,0.854558578,0.8610362340539,-0.00647765605390046
2011-05-22,22-05-2011,0.884016425,0.861320395145718,0.0226960298542818
2011-05-23,23-05-2011,0.897885697,0.861590075120108,0.0362956218798918
2011-05-24,24-05-2011,0.917299971,0.861845194356185,0.0554547766438149
2011-05-25,25-05-2011,0.891940325,0.862085677532006,0.029854647467993
2011-05-26,26-05-2011,0.794239008,0.86231145364681,-0.0680724456468101
2011-05-27,27-05-2011,0.890093582,0.86252245604198,0.0275711259580205
2011-05-28,28-05-2011,0.88901741,0.862718622420722,0.0262987875792779
2011-05-29,29-05-2011,0.893417532,0.862899894866462,0.0305176371335386
2011-05-30,30-05-2011,0.886492571,0.863066219859937,0.0234263511400623
2011-05-31,31-05-2011,0.861390845,0.863217548295006,-0.00182670329500738
2011-06-01,01-06-2011,0.83968883,0.863353835493143,-0.0236650054931428
2011-06-02,02-06-2011,0.865551758,0.863475041216625,0.00207671678337385
2011-06-03,03-06-2011,0.850968426,0.86358112968042,-0.0126127036804212
2011-06-04,04-06-2011,0.863569291,0.863672069562746,-0.000102778562746817
2011-06-05,05-06-2011,0.763140494,0.863747834014319,-0.100607340014319
2011-06-06,06-06-2011,0.689144126,0.863808400666282,-0.174664274666282
2011-06-07,07-06-2011,0.862308837,0.863853751636809,-0.0015449146368088
2011-06-08,08-06-2011,0.923717274,0.863883873536383,0.0598334004636167
2011-06-09,09-06-2011,0.81285752,0.863898757471753,-0.0510412374717519
2011-06-10,10-06-2011,0.903544495,0.863898399048551,0.0396460959514489
2011-06-11,11-06-2011,0.853467034,0.863882798372601,-0.0104157643726015
2011-06-12,12-06-2011,0.859135744,0.863851960049879,-0.0047162160498792
2011-06-13,13-06-2011,0.889009971,0.863805893185156,0.025204077814843
2011-06-14,14-06-2011,0.889530663,0.863744611379312,0.0257860516206873
2011-06-15,15-06-2011,0.861384727,0.863668132725316,-0.00228340572531536
2011-06-16,16-06-2011,0.850728444,0.863576479802887,-0.0128480358028868
2011-06-17,17-06-2011,0.880340814,0.863469679671828,0.0168711343281722
2011-06-18,18-06-2011,0.879181361,0.863347763864035,0.0158335971359649
2011-06-19,19-06-2011,0.856097353,0.863210768374189,-0.00711341537418955
2011-06-20,20-06-2011,0.852953758,0.863058733649128,-0.010104975649128
2011-06-21,21-06-2011,0.898024114,0.862891704575905,0.0351324094240945
2011-06-22,22-06-2011,0.797809254,0.862709730468538,-0.0649004764685389
2011-06-23,23-06-2011,0.878937841,0.862512865053447,0.0164249759465534
2011-06-24,24-06-2011,0.864511673,0.862301166453591,0.00221050654640868
2011-06-25,25-06-2011,0.834633911,0.862074697171315,-0.0274407861713147
2011-06-26,26-06-2011,0.873840128,0.861833524069886,0.0120066039301147
2011-06-27,27-06-2011,0.841296436,0.861577718353761,-0.0202812823537602
2011-06-28,28-06-2011,0.856689346,0.86130735554756,-0.0046180095475598
2011-06-29,29-06-2011,0.869771618,0.861022515473771,0.00874910252622957
2011-06-30,30-06-2011,0.86980578,0.860723282229178,0.00908249777082236
2011-07-01,01-07-2011,0.760795275,0.860409744160036,-0.0996144691600359
2011-07-02,02-07-2011,0.776170758,0.860081993835988,-0.0839112358359875
2011-07-03,03-07-2011,0.852220647,0.859740128022732,-0.00751948102273301
2011-07-04,04-07-2011,0.89481582,0.859384247653455,0.0354315723465448
2011-07-05,05-07-2011,0.906941406,0.859014457799027,0.0479269482009729
2011-07-06,06-07-2011,0.798575851,0.858630867636987,-0.0600550166369875
2011-07-07,07-07-2011,0.877615374,0.858233590419305,0.0193817835806941
2011-07-08,08-07-2011,0.699969008,0.857822743438946,-0.157853735438947
2011-07-09,09-07-2011,0.891572593,0.857398447995243,0.0341741450047577
2011-07-10,10-07-2011,0.852423929,0.856960829358077,-0.0045369003580774
2011-07-11,11-07-2011,0.889107273,0.856510016730901,0.0325972562690997
2011-07-12,12-07-2011,0.833178615,0.856046143212586,-0.0228675282125859
2011-07-13,13-07-2011,0.88633925,0.855569345758131,0.0307699042418687
2011-07-14,14-07-2011,0.865248672,0.855079765138225,0.0101689068617749
2011-07-15,15-07-2011,0.858339567,0.854577545897684,0.00376202110231675
2011-07-16,16-07-2011,0.855953018,0.854062836312777,0.00189018168722292
2011-07-17,17-07-2011,0.87541509,0.853535788347452,0.0218793016525472
2011-07-18,18-07-2011,0.900139544,0.852996557608463,0.0471429863915364
2011-07-19,19-07-2011,0.915727073,0.852445303299433,0.0632817697005669
2011-07-20,20-07-2011,0.890532709,0.851882188173848,0.0386505208261513
2011-07-21,21-07-2011,0.890669999,0.85130737848701,0.0393626205129892
2011-07-22,22-07-2011,0.892635025,0.850721043946946,0.0419139810530545
2011-07-23,23-07-2011,0.872552329,0.850123357664302,0.0224289713356977
2011-07-24,24-07-2011,0.853677728,0.849514496101242,0.00416323189875774
2011-07-25,25-07-2011,0.783487592,0.848894639019339,-0.0654070470193393
2011-07-26,26-07-2011,0.863565746,0.84826396942651,0.0153017765734909
2011-07-27,27-07-2011,0.864363803,0.847622673522976,0.0167411294770244
2011-07-28,28-07-2011,0.837814359,0.846970940646295,-0.00915658164629502
2011-07-29,29-07-2011,0.808088442,0.846308963215462,-0.0382205212154618
2011-07-30,30-07-2011,0.806885842,0.845636936674089,-0.0387510946740893
2011-07-31,31-07-2011,0.807164438,0.844955059432715,-0.0377906214327151
2011-08-01,01-08-2011,0.79129386,0.844263532810217,-0.0529696728102178
2011-08-02,02-08-2011,0.806163937,0.843562560974376,-0.0373986239743759
2011-08-03,03-08-2011,0.813639179,0.8428523508816,-0.0292131718815999
2011-08-04,04-08-2011,0.819807532,0.842133112215816,-0.0223255802158153
2011-08-05,05-08-2011,0.869313584,0.841405057326568,0.0279085266734319
2011-08-06,06-08-2011,0.797255096,0.840668401166321,-0.0434133051663208
2011-08-07,07-08-2011,0.810947136,0.839923361226997,-0.0289762252269956
2011-08-08,08-08-2011,0.825414745,0.83917015747576,-0.0137554124757603
2011-08-09,09-08-2011,0.75196167,0.83840901229008,-0.0864473422900802
2011-08-10,10-08-2011,0.85981451,0.837640150392069,0.0221743596079306
2011-08-11,11-08-2011,0.854868899,0.83686379878214,0.0180051002178606
2011-08-12,12-08-2011,0.821056796,0.836080186671981,-0.0150233906719817
2011-08-13,13-08-2011,0.827649808,0.83528954541689,-0.00763973741688966
2011-08-14,14-08-2011,0.837211948,0.83449210844746,0.00271983955254036
2011-08-15,15-08-2011,0.810175158,0.833688111200668,-0.023512953200668
2011-08-16,16-08-2011,0.780791993,0.83287779105036,-0.0520857980503601
2011-08-17,17-08-2011,0.776727124,0.832061387237172,-0.0553342632371716
2011-08-18,18-08-2011,0.851398012,0.831239140797888,0.0201588712021121
2011-08-19,19-08-2011,0.839939851,0.830411294494287,0.0095285565057124
2011-08-20,20-08-2011,0.849151295,0.82957809274146,0.0195732022585399
2011-08-21,21-08-2011,0.838002839,0.828739781535654,0.00926305746434583
2011-08-22,22-08-2011,0.830168786,0.82789660838164,0.00227217761835981
2011-08-23,23-08-2011,0.818829453,0.827048822219644,-0.00821936921964446
2011-08-24,24-08-2011,0.800223555,0.826196673351844,-0.0259731183518431
2011-08-25,25-08-2011,0.807993185,0.825340413368471,-0.0173472283684704
2011-08-26,26-08-2011,0.81575689,0.824480295073533,-0.00872340507353191
2011-08-27,27-08-2011,0.797317791,0.823616572410173,-0.0262987814101727
2011-08-28,28-08-2011,0.779333029,0.822749500385696,-0.0434164713856971
2011-08-29,29-08-2011,0.774221463,0.82187933499628,-0.0476578719962803
2011-08-30,30-08-2011,0.763615375,0.821006333151392,-0.0573909581513925
2011-08-31,31-08-2011,0.76325577,0.820130752597943,-0.0568749825979439
2011-09-01,01-09-2011,0.777190133,0.819252851844186,-0.0420627188441863
2011-09-02,02-09-2011,0.773021488,0.818372890083394,-0.0453514020833938
2011-09-03,03-09-2011,0.75940444,0.817491127117337,-0.0580866871173374
2011-09-04,04-09-2011,0.782943874,0.816607823279578,-0.0336639492795777
2011-09-05,05-09-2011,0.699481549,0.815723239358608,-0.116241690358608
2011-09-06,06-09-2011,0.719750509,0.814837636520853,-0.0950871275208526
2011-09-07,07-09-2011,0.7660329,0.813951276233568,-0.0479183762335675
2011-09-08,08-09-2011,0.840281569,0.813064420187636,0.0272171488123635
2011-09-09,09-09-2011,0.839175534,0.812177330220311,0.0269982037796889
2011-09-10,10-09-2011,0.840750602,0.811290268237909,0.0294603337620901
2011-09-11,11-09-2011,0.822435052,0.810403496138487,0.012031555861513
2011-09-12,12-09-2011,0.767280733,0.809517275734511,-0.0422365427345113
2011-09-13,13-09-2011,0.784273947,0.808631868675567,-0.0243579216755668
2011-09-14,14-09-2011,0.752027572,0.807747536371107,-0.0557199643711063
2011-09-15,15-09-2011,0.74852649,0.806864539913268,-0.0583380499132682
2011-09-16,16-09-2011,0.744859412,0.805983139999792,-0.0611237279997927
2011-09-17,17-09-2011,0.740196462,0.805103596857053,-0.0649071348570519
2011-09-18,18-09-2011,0.726410645,0.804226170163225,-0.0778155251632244
2011-09-19,19-09-2011,0.721601748,0.80335111897162,-0.0817493709716211
2011-09-20,20-09-2011,0.765267028,0.802478701634202,-0.0372116736342026
2011-09-21,21-09-2011,0.759817744,0.801609175725311,-0.0417914317253108
2011-09-22,22-09-2011,0.714649247,0.800742797965611,-0.086093550965611
2011-09-23,23-09-2011,0.758704167,0.799879824146305,-0.0411756571463051
2011-09-24,24-09-2011,0.725438829,0.799020509053606,-0.0735816800536064
2011-09-25,25-09-2011,0.74155154,0.798165106393519,-0.056613566393519
2011-09-26,26-09-2011,0.758276387,0.797313868716933,-0.0390374817169326
2011-09-27,27-09-2011,0.751729245,0.796467047345058,-0.0447378023450577
2011-09-28,28-09-2011,0.724944802,0.795624892295227,-0.0706800902952265
2011-09-29,29-09-2011,0.763247279,0.794787652207075,-0.0315403732070755
2011-09-30,30-09-2011,0.73627478,0.793955574269137,-0.0576807942691375
2011-10-01,01-10-2011,0.757660335,0.793128904145861,-0.0354685691458609
2011-10-02,02-10-2011,0.765130723,0.792307885905082,-0.027177162905081
2011-10-03,03-10-2011,0.718387012,0.791492761945959,-0.0731057499459589
2011-10-04,04-10-2011,0.786480991,0.790683772927414,-0.00420278192741406
2011-10-05,05-10-2011,0.802235829,0.789881157697073,0.0123546713029257
2011-10-06,06-10-2011,0.793569117,0.789085153220756,0.00448396377924413
2011-10-07,07-10-2011,0.777829122,0.788295994512504,-0.0104668725125049
2011-10-08,08-10-2011,0.780617934,0.787513914565203,-0.00689598056520295
2011-10-09,09-10-2011,0.748242031,0.786739144281789,-0.0384971132817892
2011-10-10,10-10-2011,0.790904292,0.785971912407079,0.00493237959292108
2011-10-11,11-10-2011,0.802025046,0.785212445460232,0.016812600539768
2011-10-12,12-10-2011,0.733679618,0.784460967667876,-0.0507813496678757
2011-10-13,13-10-2011,0.769772629,0.783717700897901,-0.0139450718979008
2011-10-14,14-10-2011,0.757861987,0.78298286459396,-0.0251208775939594
2011-10-15,15-10-2011,0.785324147,0.782256675710676,0.0030674712893238
2011-10-16,16-10-2011,0.798316475,0.78153934864959,0.0167771263504106
2011-10-17,17-10-2011,0.784505459,0.780831095195858,0.00367436380414118
2011-10-18,18-10-2011,0.740618508,0.78013212445573,-0.039513616455731
2011-10-19,19-10-2011,0.72038036,0.779442642794803,-0.0590622827948026
2011-10-20,20-10-2011,0.757370759,0.778762853777098,-0.021392094777097
2011-10-21,21-10-2011,0.947689105,0.778092958104963,0.169596146895038
2011-10-22,22-10-2011,0.727918553,0.777433153559811,-0.0495146005598114
2011-10-23,23-10-2011,0.742100397,0.776783634943733,-0.0346832379437322
2011-10-24,24-10-2011,0.728872431,0.776144594021975,-0.0472721630219741
2011-10-25,25-10-2011,0.784178403,0.77551621946633,0.00866218353366936
2011-10-26,26-10-2011,0.79584124,0.774898696799431,0.0209425432005684
2011-10-27,27-10-2011,0.693293824,0.774292208339974,-0.0809983843399743
2011-10-28,28-10-2011,0.742623398,0.773696933148895,-0.0310735351488949
2011-10-29,29-10-2011,0.77531936,0.773113046976498,0.00220631302350228
2011-10-30,30-10-2011,0.762424293,0.772540722210572,-0.0101164292105716
2011-10-31,31-10-2011,0.971946731,0.771980127825489,0.199966603174511
2011-11-01,01-11-2011,0.817654382,0.771431429332321,0.0462229526676795
2011-11-02,02-11-2011,0.768497165,0.770894788729971,-0.00239762372997108
2011-11-03,03-11-2011,0.746181931,0.770370364457343,-0.0241884334573435
2011-11-04,04-11-2011,0.741143903,0.76985831134657,-0.02871440834657
2011-11-05,05-11-2011,0.748923378,0.769358780577294,-0.020435402577293
2011-11-06,06-11-2011,0.750318068,0.768871919632033,-0.0185538516320328
2011-11-07,07-11-2011,0.755880836,0.768397872252643,-0.0125170362526439
2011-11-08,08-11-2011,0.718736396,0.767936778397875,-0.0492003823978754
2011-11-09,09-11-2011,0.719466795,0.767488774202052,-0.0480219792020523
2011-11-10,10-11-2011,0.748021779,0.767053991934881,-0.0190322129348804
2011-11-11,11-11-2011,0.799457418,0.766632559962396,0.0328248580376047
2011-11-12,12-11-2011,0.749879367,0.766224602709062,-0.0163452357090619
2011-11-13,13-11-2011,0.814534998,0.765830240621044,0.0487047573789557
2011-11-14,14-11-2011,0.729498805,0.765449590130636,-0.0359507851306363
2011-11-15,15-11-2011,0.860578287,0.765082763621895,0.0954955233781057
2011-11-16,16-11-2011,0.769829813,0.764729869397452,0.00509994360254759
2011-11-17,17-11-2011,0.737228392,0.764391011646547,-0.0271626196465475
2011-11-18,18-11-2011,0.684978775,0.764066290414257,-0.0790875154142562
2011-11-19,19-11-2011,0.801966677,0.763755801571963,0.0382108754280364
2011-11-20,20-11-2011,0.889189318,0.763459636789051,0.12572968121095
2011-11-21,21-11-2011,0.969420059,0.763177883505834,0.206242175494166
2011-11-22,22-11-2011,0.906859804,0.762910624907748,0.143949179092252
2011-11-23,23-11-2011,0.750664418,0.762657939900787,-0.0119935219007869
2011-11-24,24-11-2011,0.788331794,0.762419903088206,0.0259118909117942
2011-11-25,25-11-2011,0.776483249,0.762196584748496,0.0142866642515036
2011-11-26,26-11-2011,0.757567931,0.761988050814637,-0.00442011981463702
2011-11-27,27-11-2011,0.74170391,0.761794362854627,-0.0200904528546268
2011-11-28,28-11-2011,0.73968477,0.761615578053309,-0.02193080805331
2011-11-29,29-11-2011,0.719119361,0.761451749195487,-0.0423323881954871
2011-11-30,30-11-2011,0.756220413,0.761302924650337,-0.00508251165033663
2011-12-01,01-12-2011,0.712541544,0.761169148357134,-0.0486276043571329
2011-12-02,02-12-2011,0.707049,0.761050459812272,-0.0540014598122714
2011-12-03,03-12-2011,0.874571243,0.760946894057609,0.113624348942391
2011-12-04,04-12-2011,0.768876408,0.760858481670117,0.00801792632988312
2011-12-05,05-12-2011,0.726578481,0.760785248752856,-0.0342067677528562
2011-12-06,06-12-2011,0.757564889,0.760727216927268,-0.00316232792726659
2011-12-07,07-12-2011,0.694846067,0.76068440332679,-0.0658383363267894
2011-12-08,08-12-2011,0.806572846,0.760656820591802,0.045916025408199
2011-12-09,09-12-2011,0.662759026,0.760644476865888,-0.0978854508658878
2011-12-10,10-12-2011,0.70789852,0.760647375793435,-0.0527488557934353
2011-12-11,11-12-2011,0.774821723,0.760665516518559,0.0141562064814414
2011-12-12,12-12-2011,0.793413671,0.760698893685353,0.0327147773146476
2011-12-13,13-12-2011,0.784538292,0.760747497439472,0.0237907945605283
2011-12-14,14-12-2011,0.903638687,0.760811313431041,0.142827373568959
2011-12-15,15-12-2011,0.679529408,0.760890322818892,-0.0813609148188923
2011-12-16,16-12-2011,0.742038404,0.760984502276126,-0.0189460982761268
2011-12-17,17-12-2011,0.76406289,0.761093823997001,0.0029690660029993
2011-12-18,18-12-2011,0.767899347,0.761218255705141,0.00668109129485892
2011-12-19,19-12-2011,0.735029696,0.761357760663065,-0.0263280646630651
2011-12-20,20-12-2011,0.727249838,0.761512297683036,-0.0342624596830364
2011-12-21,21-12-2011,0.784090633,0.761681821139216,0.0224088118607845
2011-12-22,22-12-2011,0.740203015,0.761866280981143,-0.0216632659811422
2011-12-23,23-12-2011,0.78633793,0.762065622748501,0.0242723072514986
2011-12-24,24-12-2011,0.754663141,0.762279787587208,-0.00761664658720856
2011-12-25,25-12-2011,0.74839678,0.762508712266783,-0.0141119322667835
2011-12-26,26-12-2011,0.786656616,0.762752329199021,0.0239042868009798
2011-12-27,27-12-2011,0.747320754,0.763010566457941,-0.0156898124579418
2011-12-28,28-12-2011,0.793250167,0.763283347801033,0.0299668191989679
2011-12-29,29-12-2011,0.740809432,0.763570592691752,-0.0227611606917525
2011-12-30,30-12-2011,0.72766816,0.763872216323315,-0.0362040563233145
2011-12-31,31-12-2011,0.724677548,0.764188129643719,-0.0395105816437199
2012-01-01,01-01-2012,0.687401467,0.76451823938205,-0.0771167723820491
2012-01-02,02-01-2012,0.771716836,0.76486244807601,0.00685438792399003
2012-01-03,03-01-2012,0.75004609,0.765220654100697,-0.0151745641006972
2012-01-04,04-01-2012,0.756050154,0.765592751698607,-0.00954259769860741
2012-01-05,05-01-2012,0.720258651,0.76597863101086,-0.0457199800108602
2012-01-06,06-01-2012,0.680389435,0.766378178109631,-0.0859887431096305
2012-01-07,07-01-2012,0.704242585,0.76679127503179,-0.0625486900317905
2012-01-08,08-01-2012,0.876704129,0.76721779981373,0.10948632918627
2012-01-09,09-01-2012,0.7988247,0.767657626527372,0.0311670734726277
2012-01-10,10-01-2012,0.959390497,0.768110625317347,0.191279871682653
2012-01-11,11-01-2012,0.813291,0.768576662439336,0.044714337560664
2012-01-12,12-01-2012,0.672516125,0.769055600299553,-0.096539475299553
2012-01-13,13-01-2012,0.695880739,0.769547297495373,-0.0736665584953724
2012-01-14,14-01-2012,0.7054029,0.770051608857076,-0.0646487088570754
2012-01-15,15-01-2012,0.744526628,0.770568385490709,-0.0260417574907094
2012-01-16,16-01-2012,0.684883006,0.771097474822049,-0.0862144688220494
2012-01-17,17-01-2012,0.715735219,0.771638720641641,-0.0559035016416407
2012-01-18,18-01-2012,0.765883016,0.772191963150927,-0.00630894715092645
2012-01-19,19-01-2012,0.755741735,0.772757039009419,-0.017015304009418
2012-01-20,20-01-2012,0.709851497,0.773333781382925,-0.0634822843829247
2012-01-21,21-01-2012,0.746874059,0.773922019992808,-0.0270479609928079
2012-01-22,22-01-2012,0.75222327,0.774521581166259,-0.0222983111662594
2012-01-23,23-01-2012,0.740861949,0.77513228788757,-0.034270338887569
2012-01-24,24-01-2012,0.793870604,0.775753959850395,0.0181166441496051
2012-01-25,25-01-2012,0.805625472,0.776386413510993,0.0292390584890067
2012-01-26,26-01-2012,0.789194303,0.777029462142408,0.0121648408575919
2012-01-27,27-01-2012,0.730313804,0.777682915889601,-0.0473691118896021
2012-01-28,28-01-2012,0.76651743,0.778346581825509,-0.0118291518255094
2012-01-29,29-01-2012,0.691503414,0.779020264007997,-0.0875168500079976
2012-01-30,30-01-2012,0.772298463,0.779703763537715,-0.00740530053771433
2012-01-31,31-01-2012,0.812092277,0.780396878616815,0.0316953983831847
2012-02-01,01-02-2012,0.809452847,0.781099404608539,0.0283534423914622
2012-02-02,02-02-2012,0.796913365,0.781811134097626,0.0151022309023735
2012-02-03,03-02-2012,0.784752138,0.782531856951558,0.00222028104844144
2012-02-04,04-02-2012,0.758420166,0.783261360382598,-0.0248411943825982
2012-02-05,05-02-2012,0.84420589,0.783999429010609,0.0602064609893906
2012-02-06,06-02-2012,0.82523286,0.784745844926651,0.0404870150733485
2012-02-07,07-02-2012,0.820781858,0.78550038775731,0.0352814702426893
2012-02-08,08-02-2012,0.812262181,0.786262834729767,0.0259993462702318
2012-02-09,09-02-2012,0.808043393,0.787032960737567,0.021010432262434
2012-02-10,10-02-2012,0.822788967,0.787810538407078,0.0349784285929223
2012-02-11,11-02-2012,0.806755727,0.788595338164627,0.0181603888353738
2012-02-12,12-02-2012,0.79039934,0.789387128304274,0.00101221169572594
2012-02-13,13-02-2012,0.75629504,0.790185675056225,-0.033890635056225
2012-02-14,14-02-2012,0.780535912,0.790990742655849,-0.0104548306558488
2012-02-15,15-02-2012,0.770832457,0.791802093413287,-0.0209696364132876
2012-02-16,16-02-2012,0.728865504,0.792619487783627,-0.0637539837836268
2012-02-17,17-02-2012,0.768148187,0.793442684437626,-0.0252944974376265
2012-02-18,18-02-2012,0.760355465,0.794271440332966,-0.0339159753329665
2012-02-19,19-02-2012,0.699644352,0.795105510786003,-0.0954611587860029
2012-02-20,20-02-2012,0.769595844,0.795944649544015,-0.0263488055440146
2012-02-21,21-02-2012,0.791823291,0.796788608857901,-0.00496531785790073
2012-02-22,22-02-2012,0.751649617,0.797637139555329,-0.0459875225553292
2012-02-23,23-02-2012,0.773499717,0.798489991114303,-0.0249902741143033
2012-02-24,24-02-2012,0.831299023,0.799346911737126,0.0319521112628738
2012-02-25,25-02-2012,0.740565724,0.800207648424744,-0.0596419244247442
2012-02-26,26-02-2012,0.728886312,0.801071947051436,-0.0721856350514366
2012-02-27,27-02-2012,0.779821708,0.80193955243985,-0.0221178444398494
2012-02-28,28-02-2012,0.799184737,0.802810208436336,-0.00362547143633616
2012-02-29,29-02-2012,0.834449982,0.803683657986579,0.0307663240134202
2012-03-01,01-03-2012,0.97029969,0.804559643211488,0.165740046788512
2012-03-02,02-03-2012,0.987628065,0.805437905483332,0.182190159516668
2012-03-03,03-03-2012,0.798622005,0.806318185502103,-0.00769618050210323
2012-03-04,04-03-2012,0.812960792,0.807200223372068,0.00576056862793231
2012-03-05,05-03-2012,0.790500197,0.808083758678501,-0.0175835616785004
2012-03-06,06-03-2012,0.833371897,0.808968530564571,0.0244033664354285
2012-03-07,07-03-2012,0.769718507,0.809854277808358,-0.0401357708083586
2012-03-08,08-03-2012,0.802494896,0.810740738899972,-0.00824584289997213
2012-03-09,09-03-2012,0.814576309,0.811627652118768,0.00294865688123234
2012-03-10,10-03-2012,0.801370976,0.812514755610611,-0.0111437796106111
2012-03-11,11-03-2012,0.721967644,0.813401787465193,-0.0914341434651937
2012-03-12,12-03-2012,0.710673637,0.814288485793355,-0.103614848793355
2012-03-13,13-03-2012,0.789649102,0.815174588804406,-0.0255254868044061
2012-03-14,14-03-2012,0.804121717,0.816059834883422,-0.0119381178834218
2012-03-15,15-03-2012,0.787755475,0.816943962668479,-0.0291884876684799
2012-03-16,16-03-2012,0.739878541,0.817826711127823,-0.0779481701278229
2012-03-17,17-03-2012,0.800465526,0.818707819636931,-0.0182422936369308
2012-03-18,18-03-2012,0.7487436,0.819587028055465,-0.0708434280554655
2012-03-19,19-03-2012,0.774023426,0.820464076804074,-0.0464406508040736
2012-03-20,20-03-2012,0.731056693,0.821338706941031,-0.0902820139410307
2012-03-21,21-03-2012,0.908729905,0.822210660238687,0.0865192447613137
2012-03-22,22-03-2012,0.895690469,0.823079679259706,0.0726107897402935
2012-03-23,23-03-2012,0.884152872,0.823945507433078,0.0602073645669216
2012-03-24,24-03-2012,0.874079779,0.82480788912986,0.0492718898701406
2012-03-25,25-03-2012,0.858351496,0.82566656973866,0.0326849262613403
2012-03-26,26-03-2012,0.838137422,0.826521295740799,0.0116161262592014
2012-03-27,27-03-2012,0.829091152,0.827371814785165,0.00171933721483546
2012-03-28,28-03-2012,0.832341764,0.828217875762719,0.00412388823728195
2012-03-29,29-03-2012,0.854542529,0.829059228880629,0.0254833001193709
2012-03-30,30-03-2012,0.819120887,0.829895625736023,-0.0107747387360227
2012-03-31,31-03-2012,0.818403839,0.830726819389325,-0.0123229803893253
2012-04-01,01-04-2012,0.840546657,0.831552564437166,0.00899409256283493
2012-04-02,02-04-2012,0.845486218,0.83237261708483,0.0131136009151696
2012-04-03,03-04-2012,0.744467139,0.833186735218242,-0.0887195962182413
2012-04-04,04-04-2012,0.829753675,0.833994678475443,-0.00424100347544332
2012-04-05,05-04-2012,0.847353184,0.834796208317558,0.012556975682441
2012-04-06,06-04-2012,0.739899934,0.835591088099224,-0.095691154099224
2012-04-07,07-04-2012,0.774333332,0.836379083138452,-0.0620457511384525
2012-04-08,08-04-2012,0.828957369,0.837159960785922,-0.00820259178592212
2012-04-09,09-04-2012,0.848186663,0.837933490493668,0.0102531725063318
2012-04-10,10-04-2012,0.723798509,0.838699443883144,-0.114900934883143
2012-04-11,11-04-2012,0.755654825,0.839457594812651,-0.0838027698126508
2012-04-12,12-04-2012,0.755654825,0.840207719444107,-0.0845528944441077
2012-04-13,13-04-2012,0.782803654,0.840949596309131,-0.0581459423091318
2012-04-14,14-04-2012,0.829547719,0.84168300637443,-0.0121352873744303
2012-04-15,15-04-2012,0.883133268,0.842407733106464,0.0407255348935359
2012-04-16,16-04-2012,0.875750786,0.843123562535383,0.0326272234646169
2012-04-17,17-04-2012,0.882448105,0.843830283318193,0.0386178216818075
2012-04-18,18-04-2012,0.862440296,0.844527686801155,0.0179126091988434
2012-04-19,19-04-2012,0.848117091,0.845215567081392,0.00290152391860779
2012-04-20,20-04-2012,0.844280927,0.845893721067678,-0.00161279406767769
2012-04-21,21-04-2012,0.697425359,0.846561948540394,-0.149136589540394
2012-04-22,22-04-2012,0.888791895,0.847220052210649,0.0415718427893506
2012-04-23,23-04-2012,0.870735768,0.847867837778527,0.0228679302214745
2012-04-24,24-04-2012,0.78889005,0.848505113990444,-0.0596150639904439
2012-04-25,25-04-2012,0.902694119,0.849131692695627,0.0535624263043725
2012-04-26,26-04-2012,0.893255449,0.849747388901655,0.0435080600983449
2012-04-27,27-04-2012,0.906255507,0.850352020829077,0.0559034861709227
2012-04-28,28-04-2012,0.909117204,0.850945409965088,0.0581717940349121
2012-04-29,29-04-2012,0.874360698,0.851527381116221,0.0228333168837798
2012-04-30,30-04-2012,0.878883094,0.852097762460086,0.0267853315399136
2012-05-01,01-05-2012,0.874377995,0.85265638559609,0.0217216094039101
2012-05-02,02-05-2012,0.90783849,0.853203085595157,0.054635404404843
2012-05-03,03-05-2012,0.902617857,0.853737701048423,0.0488801559515769
2012-05-04,04-05-2012,0.885469535,0.854260074114893,0.0312094608851065
2012-05-05,05-05-2012,0.869704616,0.854770050568039,0.014934565431962
2012-05-06,06-05-2012,0.83383651,0.855267479841333,-0.0214309698413328
2012-05-07,07-05-2012,0.833937811,0.855752215072707,-0.0218144040727073
2012-05-08,08-05-2012,0.839741403,0.856224113147906,-0.0164827101479058
2012-05-09,09-05-2012,0.854250571,0.856683034742745,-0.00243246374274557
2012-05-10,10-05-2012,0.855463562,0.857128844364243,-0.00166528236424312
2012-05-11,11-05-2012,0.869853106,0.857561410390625,0.012291695609375
2012-05-12,12-05-2012,0.86686676,0.857980605110182,0.00888615488981716
2012-05-13,13-05-2012,0.915015456,0.858386304758981,0.0566291512410193
2012-05-14,14-05-2012,0.887757221,0.858778389557399,0.0289788314426009
2012-05-15,15-05-2012,0.891406046,0.859156743745491,0.0322493022545092
2012-05-16,16-05-2012,0.868189342,0.859521255617168,0.00866808638283162
2012-05-17,17-05-2012,0.855689289,0.859871817553173,-0.00418252855317426
2012-05-18,18-05-2012,0.863111354,0.860208326052862,0.00290302794713771
2012-05-19,19-05-2012,0.889918252,0.860530681764752,0.0293875702352477
2012-05-20,20-05-2012,0.902446167,0.860838789515861,0.041607377484138
2012-05-21,21-05-2012,0.885382995,0.861132558339807,0.0242504366601924
2012-05-22,22-05-2012,0.877248311,0.861411901503661,0.0158364094963391
2012-05-23,23-05-2012,0.889081673,0.861676736533556,0.027404936466443
2012-05-24,24-05-2012,0.917108945,0.86192698523904,0.0551819597609603
2012-05-25,25-05-2012,0.913917973,0.862162573736154,0.051755399263846
2012-05-26,26-05-2012,0.905780527,0.862383432469254,0.0433970945307462
2012-05-27,27-05-2012,0.742063528,0.86258949623154,-0.12052596823154
2012-05-28,28-05-2012,0.801618935,0.86278070418431,-0.0611617691843101
2012-05-29,29-05-2012,0.904942002,0.862956999874928,0.0419850021250724
2012-05-30,30-05-2012,0.891382189,0.863118331253477,0.0282638577465225
2012-05-31,31-05-2012,0.797625704,0.863264650688142,-0.065638946688143
2012-06-01,01-06-2012,0.891624534,0.863395914979264,0.0282286190207352
2012-06-02,02-06-2012,0.84439502,0.863512085372097,-0.0191170653720973
2012-06-03,03-06-2012,0.819414176,0.863613127568247,-0.0441989515682472
2012-06-04,04-06-2012,0.917048349,0.863699011735803,0.0533493372641965
2012-06-05,05-06-2012,0.905610331,0.863769712518143,0.0418406184818574
2012-06-06,06-06-2012,0.866030953,0.863825209041417,0.00220574395858321
2012-06-07,07-06-2012,0.722998964,0.863865484920715,-0.140866520920715
2012-06-08,08-06-2012,0.897932618,0.8638905282649,0.0340420897350997
2012-06-09,09-06-2012,0.895232421,0.863900331680124,0.0313320893198755
2012-06-10,10-06-2012,0.792886676,0.863894892272006,-0.0710082162720059
2012-06-11,11-06-2012,0.910036652,0.863874211646486,0.0461624403535129
2012-06-12,12-06-2012,0.85303338,0.863838295909359,-0.0108049159093588
2012-06-13,13-06-2012,0.792829404,0.86378715566446,-0.0709577516644599
2012-06-14,14-06-2012,0.79748918,0.863720806010544,-0.0662316260105437
2012-06-15,15-06-2012,0.800495638,0.863639266536823,-0.0631436285368237
2012-06-16,16-06-2012,0.896803397,0.863542561317186,0.0332608356828146
2012-06-17,17-06-2012,0.880915996,0.863430718903083,0.0174852770969179
2012-06-18,18-06-2012,0.888078532,0.863303772315106,0.0247747596848942
2012-06-19,19-06-2012,0.866573931,0.863161759033233,0.0034121719667665
2012-06-20,20-06-2012,0.849630684,0.863004720985767,-0.0133740369857675
2012-06-21,21-06-2012,0.873499197,0.862832704536953,0.0106664924630473
2012-06-22,22-06-2012,0.919286923,0.86264576047329,0.0566411625267096
2012-06-23,23-06-2012,0.914298051,0.862443943988539,0.0518541070114607
2012-06-24,24-06-2012,0.894927504,0.862227314667426,0.0327001893325744
2012-06-25,25-06-2012,0.914364976,0.861995936468047,0.0523690395319521
2012-06-26,26-06-2012,0.927276493,0.861749877702994,0.0655266152970055
2012-06-27,27-06-2012,0.902168334,0.861489211019175,0.0406791229808252
2012-06-28,28-06-2012,0.903251677,0.861214013376373,0.0420376636236271
2012-06-29,29-06-2012,0.895007452,0.860924366024521,0.0340830859754778
2012-06-30,30-06-2012,0.911445853,0.860620354479717,0.0508254985202829
2012-07-01,01-07-2012,0.908431562,0.86030206849897,0.0481294935010297
2012-07-02,02-07-2012,0.908315383,0.859969602053708,0.0483457809462927
2012-07-03,03-07-2012,0.899128048,0.859623053302024,0.0395049946979758
2012-07-04,04-07-2012,0.891234842,0.859262524559707,0.0319723174402925
2012-07-05,05-07-2012,0.89837869,0.858888122270022,0.0394905677299775
2012-07-06,06-07-2012,0.873939213,0.858499956972295,0.0154392560277048
2012-07-07,07-07-2012,0.867660033,0.858098143269267,0.00956188973073274
2012-07-08,08-07-2012,0.873311023,0.857682799793266,0.0156282232067346
2012-07-09,09-07-2012,0.856272217,0.857254049171175,-0.000981832171176152
2012-07-10,10-07-2012,0.856220265,0.856812017988238,-0.000591752988238158
2012-07-11,11-07-2012,0.852625074,0.856356836750673,-0.00373176275067358
2012-07-12,12-07-2012,0.801219437,0.855888639847151,-0.0546692028471512
2012-07-13,13-07-2012,0.889362822,0.855407565509116,0.0339552564908844
2012-07-14,14-07-2012,0.89351597,0.854913755769971,0.0386022142300288
2012-07-15,15-07-2012,0.889895369,0.854407356423148,0.0354880125768516
2012-07-16,16-07-2012,0.863193138,0.85388851697906,0.00930462102093893
2012-07-17,17-07-2012,0.877913712,0.853357390620963,0.0245563213790371
2012-07-18,18-07-2012,0.889979091,0.852814134159722,0.0371649568402774
2012-07-19,19-07-2012,0.904450294,0.852258907987525,0.0521913860124738
2012-07-20,20-07-2012,0.908477207,0.851691876030521,0.0567853309694785
2012-07-21,21-07-2012,0.895150776,0.851113205700422,0.0440375702995777
2012-07-22,22-07-2012,0.873577839,0.85052306784508,0.0230547711549199
2012-07-23,23-07-2012,0.87088915,0.849921636698042,0.0209675133019582
2012-07-24,24-07-2012,0.850128113,0.849309089827112,0.000819023172888347
2012-07-25,25-07-2012,0.874557967,0.848685608081921,0.025872358918078
2012-07-26,26-07-2012,0.895226203,0.848051375540539,0.0471748274594606
2012-07-27,27-07-2012,0.902560342,0.847406579455121,0.0551537625448781
2012-07-28,28-07-2012,0.893083951,0.846751410196627,0.0463325408033725
2012-07-29,29-07-2012,0.876754723,0.846086061198613,0.0306686618013869
2012-07-30,30-07-2012,0.889994956,0.845410728900123,0.044584227099877
2012-07-31,31-07-2012,0.876080606,0.844725612687692,0.031354993312308
2012-08-01,01-08-2012,0.852771911,0.844030914836479,0.00874099616352079
2012-08-02,02-08-2012,0.824619078,0.843326840450546,-0.018707762450546
2012-08-03,03-08-2012,0.84496795,0.842613597402303,0.00235435259769782
2012-08-04,04-08-2012,0.817468153,0.841891396271133,-0.024423243271134
2012-08-05,05-08-2012,0.847982007,0.841160450281227,0.00682155671877236
2012-08-06,06-08-2012,0.858328218,0.840420975238622,0.0179072427613775
2012-08-07,07-08-2012,0.832174667,0.839673189467494,-0.00749852246749323
2012-08-08,08-08-2012,0.826236988,0.838917313745693,-0.012680325745693
2012-08-09,09-08-2012,0.870964916,0.838153571239565,0.0328113447604345
2012-08-10,10-08-2012,0.85965906,0.837382187438063,0.0222768725619371
2012-08-11,11-08-2012,0.858972275,0.836603390086169,0.0223688849138311
2012-08-12,12-08-2012,0.849834557,0.83581740911766,0.0140171478823401
2012-08-13,13-08-2012,0.837098256,0.835024476587218,0.00207377941278212
2012-08-14,14-08-2012,0.822668072,0.83422482660192,-0.0115567546019202
2012-08-15,15-08-2012,0.800875955,0.833418695252117,-0.0325427402521169
2012-08-16,16-08-2012,0.838118879,0.832606320541732,0.00551255845826752
2012-08-17,17-08-2012,0.839861484,0.831787942317992,0.0080735416820064
2012-08-18,18-08-2012,0.790628607,0.830963802200615,-0.0403351952006143
2012-08-19,19-08-2012,0.845860627,0.830134143510468,0.0157264834895327
2012-08-20,20-08-2012,0.800855427,0.829299211197737,-0.0284437841977381
2012-08-21,21-08-2012,0.827928181,0.828459251769604,-0.000531070769604697
2012-08-22,22-08-2012,0.831896143,0.827614513217466,0.00428162978253588
2012-08-23,23-08-2012,0.85717763,0.826765244943716,0.0304123850562839
2012-08-24,24-08-2012,0.856897104,0.825911697688116,0.0309854063118845
2012-08-25,25-08-2012,0.839293345,0.825054123453761,0.0142392215462389
2012-08-26,26-08-2012,0.839623414,0.824192775432681,0.0154306385673186
2012-08-27,27-08-2012,0.819067346,0.823327907931086,-0.00426056193108567
2012-08-28,28-08-2012,0.790038512,0.822459776294284,-0.0324212642942847
2012-08-29,29-08-2012,0.806946282,0.821588636831296,-0.014642354831296
2012-08-30,30-08-2012,0.698491805,0.820714746739177,-0.122222941739177
2012-08-31,31-08-2012,0.853057929,0.819838364027085,0.0332195649729149
2012-09-01,01-09-2012,0.824769792,0.818959747440105,0.00581004455989564
2012-09-02,02-09-2012,0.815575981,0.818079156382853,-0.00250317538285313
2012-09-03,03-09-2012,0.812406564,0.817196850842895,-0.00479028684289583
2012-09-04,04-09-2012,0.794134003,0.816313091313985,-0.0221790883139845
2012-09-05,05-09-2012,0.780171689,0.815428138719151,-0.0352564497191518
2012-09-06,06-09-2012,0.779927767,0.81454225433367,-0.0346144873336704
2012-09-07,07-09-2012,0.854766193,0.813655699707919,0.0411104932920808
2012-09-08,08-09-2012,0.85168456,0.81276873659016,0.0389158234098394
2012-09-09,09-09-2012,0.826829087,0.811881626849258,0.0149474601507428
2012-09-10,10-09-2012,0.808205654,0.810994632397368,-0.00278897839736754
2012-09-11,11-09-2012,0.778927097,0.810108015112607,-0.0311809181126061
2012-09-12,12-09-2012,0.773863178,0.809222036761735,-0.0353588587617351
2012-09-13,13-09-2012,0.847900027,0.808336958922873,0.0395630680771269
2012-09-14,14-09-2012,0.835404089,0.807453042908274,0.0279510460917259
2012-09-15,15-09-2012,0.822863529,0.806570549687169,0.0162929793128309
2012-09-16,16-09-2012,0.808022306,0.805689739808723,0.0023325661912776
2012-09-17,17-09-2012,0.815812082,0.804810873325104,0.0110012086748958
2012-09-18,18-09-2012,0.779785537,0.803934209714712,-0.0241486727147126
2012-09-19,19-09-2012,0.792875947,0.803060007805564,-0.0101840608055642
2012-09-20,20-09-2012,0.778969292,0.802188525698878,-0.0232192336988778
2012-09-21,21-09-2012,0.81536978,0.801320020692874,0.014049759307126
2012-09-22,22-09-2012,0.786586391,0.800454749206806,-0.0138683582068053
2012-09-23,23-09-2012,0.752492692,0.799592966705255,-0.0471002747052542
2012-09-24,24-09-2012,0.828687492,0.798734927622708,0.0299525643772928
2012-09-25,25-09-2012,0.802533808,0.797880885288439,0.00465292271156068
2012-09-26,26-09-2012,0.692815777,0.79703109185171,-0.10421531485171
2012-09-27,27-09-2012,0.714564561,0.796185798207333,-0.0816212372073321
2012-09-28,28-09-2012,0.810160465,0.795345253921588,0.0148152110784124
2012-09-29,29-09-2012,0.929792271,0.794509707158547,0.135282563841452
2012-09-30,30-09-2012,0.861470359,0.793679404606804,0.0677909543931953
2012-10-01,01-10-2012,0.854869596,0.792854591406638,0.0620150045933626
2012-10-02,02-10-2012,0.855582018,0.79203551107764,0.0635465069223598
2012-10-03,03-10-2012,0.816884,0.79122240544682,0.0256615945531803
2012-10-04,04-10-2012,0.823105276,0.790415514577201,0.0326897614227994
2012-10-05,05-10-2012,0.794924166,0.78961507669695,0.00530908930305079
2012-10-06,06-10-2012,0.75049449,0.788821328129037,-0.0383268381290367
2012-10-07,07-10-2012,0.817792937,0.788034503221468,0.0297584337785311
2012-10-08,08-10-2012,0.719006872,0.787254834278091,-0.0682479622780916
2012-10-09,09-10-2012,0.747666275,0.786482551490014,-0.0388162764900133
2012-10-10,10-10-2012,0.806481999,0.785717882867638,0.0207641161323629
2012-10-11,11-10-2012,0.837589351,0.784961054173343,0.0526282968266565
2012-10-12,12-10-2012,0.851455894,0.784212288854833,0.0672436051451669
2012-10-13,13-10-2012,0.836957958,0.783471807979164,0.0534861500208362
2012-10-14,14-10-2012,0.808341939,0.782739830167474,0.0256021088325261
2012-10-15,15-10-2012,0.790747843,0.782016571530438,0.00873127146956218
2012-10-16,16-10-2012,0.781241923,0.781302245604465,-6.03226044646142E-05
2012-10-17,17-10-2012,0.784296848,0.780597063288652,0.00369978471134762
2012-10-18,18-10-2012,0.771248104,0.779901232782517,-0.00865312878251654
2012-10-19,19-10-2012,0.722769285,0.779214959524527,-0.0564456745245272
2012-10-20,20-10-2012,0.714201865,0.778538446131451,-0.0643365811314516
2012-10-21,21-10-2012,0.747898334,0.777871892338532,-0.0299735583385323
2012-10-22,22-10-2012,0.771464708,0.777215494940521,-0.00575078694052109
2012-10-23,23-10-2012,0.763929386,0.776569447733573,-0.0126400617335727
2012-10-24,24-10-2012,0.741825313,0.77593394145803,-0.0341086284580311
2012-10-25,25-10-2012,0.806664541,0.77530916374211,0.0313553772578905
2012-10-26,26-10-2012,0.830791529,0.774695299046504,0.056096229953496
2012-10-27,27-10-2012,0.854041495,0.774092528609923,0.0799489663900778
2012-10-28,28-10-2012,0.835567724,0.773501030395585,0.0620666936044157
2012-10-29,29-10-2012,0.75454573,0.772920979038672,-0.0183752490386715
2012-10-30,30-10-2012,0.785811445,0.772352545794774,0.0134588992052267
2012-10-31,31-10-2012,0.771156096,0.771795898489322,-0.000639802489320946
2012-11-01,01-11-2012,0.787170757,0.771251201468043,0.0159195555319573
2012-11-02,02-11-2012,0.791919446,0.770718615548438,0.0212008304515621
2012-11-03,03-11-2012,0.750539797,0.770198297972298,-0.0196585009722976
2012-11-04,04-11-2012,0.691355604,0.769690402359284,-0.078334798359284
2012-11-05,05-11-2012,0.822054418,0.769195078661571,0.0528593393384282
2012-11-06,06-11-2012,0.790857748,0.768712473119575,0.0221452748804245
2012-11-07,07-11-2012,0.758851755,0.768242728218775,-0.00939097321877502
2012-11-08,08-11-2012,0.772275709,0.767785982647649,0.00448972635235129
2012-11-09,09-11-2012,0.828078028,0.767342371256723,0.0607356567432766
2012-11-10,10-11-2012,0.825650153,0.766912025018764,0.0587381279812357
2012-11-11,11-11-2012,0.807774181,0.766495070990104,0.0412791100098959
2012-11-12,12-11-2012,0.786139314,0.766091632273131,0.0200476817268686
2012-11-13,13-11-2012,0.787772824,0.765701827979945,0.0220709960200548
2012-11-14,14-11-2012,0.775384554,0.765325773197189,0.0100587808028105
2012-11-15,15-11-2012,0.759064297,0.764963578952073,-0.00589928195207213
2012-11-16,16-11-2012,0.722457566,0.76461535217959,-0.0421577861795893
2012-11-17,17-11-2012,0.770184411,0.764281195690948,0.00590321530905169
2012-11-18,18-11-2012,0.741539769,0.763961208143216,-0.0224214391432165
2012-11-19,19-11-2012,0.773042618,0.763655484010195,0.00938713398980534
2012-11-20,20-11-2012,0.691064596,0.763364113554522,-0.0722995175545208
2012-11-21,21-11-2012,0.714967639,0.763087182801026,-0.0481195438010257
2012-11-22,22-11-2012,0.682994618,0.76282477351133,-0.0798301555113295
2012-11-23,23-11-2012,0.702281864,0.762576963159705,-0.0602950991597057
2012-11-24,24-11-2012,0.726725562,0.762343824910206,-0.0356182629102057
2012-11-25,25-11-2012,0.786849521,0.762125427595059,0.0247240934049404
2012-11-26,26-11-2012,0.743627041,0.761921835694351,-0.0182947946943513
2012-11-27,27-11-2012,0.752668661,0.761733109316985,-0.00906444831698531
2012-11-28,28-11-2012,0.745192442,0.761559304182935,-0.0163668621829355
2012-11-29,29-11-2012,0.700699841,0.761400471606797,-0.0607006306067959
2012-11-30,30-11-2012,0.75989868,0.761256658482634,-0.00135797848263375
2012-12-01,01-12-2012,0.738266679,0.76112790727014,-0.0228612282701394
2012-12-02,02-12-2012,0.85537979,0.761014255982092,0.0943655340179071
2012-12-03,03-12-2012,0.698850141,0.760915738173139,-0.0620655971731388
2012-12-04,04-12-2012,0.73527221,0.760832382929886,-0.0255601729298854
2012-12-05,05-12-2012,0.779818471,0.760764214862312,0.0190542561376882
2012-12-06,06-12-2012,0.754256372,0.760711254096499,-0.00645488209649985
2012-12-07,07-12-2012,0.748083996,0.760673516268699,-0.0125895202686989
2012-12-08,08-12-2012,0.738872178,0.760651012520705,-0.0217788345207043
2012-12-09,09-12-2012,0.789608104,0.760643749496572,0.028964354503427
2012-12-10,10-12-2012,0.723087842,0.760651729340651,-0.0375638873406522
2012-12-11,11-12-2012,0.697363554,0.760674949696956,-0.0633113956969563
2012-12-12,12-12-2012,0.725732452,0.76071340370986,-0.0349809517098602
2012-12-13,13-12-2012,0.707964558,0.760767080026119,-0.0528025220261191
2012-12-14,14-12-2012,0.77351915,0.760835962798222,0.012683187201777
2012-12-15,15-12-2012,0.751958162,0.760920031689078,-0.00896186968907774
2012-12-16,16-12-2012,0.773214836,0.761019261878006,0.0121955741219939
2012-12-17,17-12-2012,0.800012993,0.761133624068076,0.0388793689319234
2012-12-18,18-12-2012,0.861100125,0.761263084494755,0.0998370405052454
2012-12-19,19-12-2012,0.822289359,0.761407604935872,0.0608817540641277
2012-12-20,20-12-2012,0.777592109,0.761567142722906,0.0160249662770938
2012-12-21,21-12-2012,0.777551252,0.761741650753585,0.0158096012464152
2012-12-22,22-12-2012,0.788343424,0.761931077505788,0.0264123464942129
2012-12-23,23-12-2012,0.755948636,0.76213536705276,-0.00618673105276047
2012-12-24,24-12-2012,0.76920703,0.762354459079625,0.00685257092037531
2012-12-25,25-12-2012,0.804203298,0.762588288901188,0.0416150090988117
2012-12-26,26-12-2012,0.805222397,0.76283678748104,0.0423856095189603
2012-12-27,27-12-2012,0.756958141,0.763099881451934,-0.00614174045193415
2012-12-28,28-12-2012,0.785245457,0.763377493137451,0.021867963862549
2012-12-29,29-12-2012,0.789518891,0.763669540574929,0.025849350425071
2012-12-30,30-12-2012,0.786854975,0.763975937539666,0.0228790374603339
2012-12-31,31-12-2012,0.697406903,0.764296593570375,-0.0668896905703747
2013-01-01,01-01-2013,0.721222918,0.76463141399589,-0.0434084959958906
2013-01-02,02-01-2013,0.761084804,0.764980299963123,-0.00389549596312317
2013-01-03,03-01-2013,0.761156396,0.765343148466243,-0.00418675246624412
2013-01-04,04-01-2013,0.714002534,0.765719852377091,-0.0517173183770909
2013-01-05,05-01-2013,0.769712038,0.766110300476809,0.00360173752319161
2013-01-06,06-01-2013,0.741421215,0.766514377488673,-0.0250931624886725
2013-01-07,07-01-2013,0.764449937,0.766931964112133,-0.00248202711213328
2013-01-08,08-01-2013,0.774203266,0.767362937058031,0.00684032894196815
2013-01-09,09-01-2013,0.765036271,0.767807169085006,-0.00277089808500571
2013-01-10,10-01-2013,0.785936134,0.768264529037053,0.0176716049629476
2013-01-11,11-01-2013,0.754815675,0.768734881882253,-0.0139192068822539
2013-01-12,12-01-2013,0.750013058,0.76921808875264,-0.0192050307526401
2013-01-13,13-01-2013,0.764291127,0.769714006985195,-0.00542287998519474
2013-01-14,14-01-2013,0.698376683,0.770222490163971,-0.0718458071639708
2013-01-15,15-01-2013,0.681249409,0.77074338816332,-0.0894939791633199
2013-01-16,16-01-2013,0.788950689,0.771276547192215,0.0176741418077849
2013-01-17,17-01-2013,0.782514923,0.771821809839658,0.0106931131603423
2013-01-18,18-01-2013,0.755796955,0.772379015121153,-0.0165820601211529
2013-01-19,19-01-2013,0.817963422,0.772947998526234,0.0450154234737657
2013-01-20,20-01-2013,0.798202851,0.773528592067039,0.0246742589329606
2013-01-21,21-01-2013,0.79866802,0.774120624327904,0.0245473956720968
2013-01-22,22-01-2013,0.804063102,0.774723920515971,0.0293391814840288
2013-01-23,23-01-2013,0.775968053,0.775338302512801,0.000629750487198754
2013-01-24,24-01-2013,0.778300507,0.775963588926954,0.00233691807304616
2013-01-25,25-01-2013,0.820063712,0.776599595147546,0.0434641168524537
2013-01-26,26-01-2013,0.78538642,0.777246133398759,0.00814028660124136
2013-01-27,27-01-2013,0.818425513,0.77790301279527,0.0405225002047295
2013-01-28,28-01-2013,0.819576703,0.778570039398621,0.0410066636013794
2013-01-29,29-01-2013,0.829537227,0.779247016274466,0.0502902107255342
2013-01-30,30-01-2013,0.800858175,0.779933743550721,0.0209244314492799
2013-01-31,31-01-2013,0.806287584,0.780630018476574,0.0256575655234254
2013-02-01,01-02-2013,0.837883785,0.781335635482346,0.0565481495176538
2013-02-02,02-02-2013,0.829070854,0.782050386240178,0.0470204677598215
2013-02-03,03-02-2013,0.811509483,0.782774059725548,0.028735423274452
2013-02-04,04-02-2013,0.801000312,0.783506442279566,0.0174938697204335
2013-02-05,05-02-2013,0.796045518,0.784247317672058,0.0117982003279415
2013-02-06,06-02-2013,0.772168352,0.784996467165409,-0.0128281151654096
2013-02-07,07-02-2013,0.7654964,0.785753669579138,-0.0202572695791384
2013-02-08,08-02-2013,0.810452411,0.786518701355204,0.0239337096447966
2013-02-09,09-02-2013,0.844152164,0.787291336624009,0.0568608273759905
2013-02-10,10-02-2013,0.771341714,0.788071347271083,-0.0167296332710841
2013-02-11,11-02-2013,0.841459739,0.788858503004435,0.0526012359955649
2013-02-12,12-02-2013,0.677420323,0.789652571422541,-0.112232248422541
2013-02-13,13-02-2013,0.780735528,0.790453318082964,-0.00971779008296439
2013-02-14,14-02-2013,0.809279983,0.791260506571568,0.0180194764284308
2013-02-15,15-02-2013,0.740714375,0.792073898572317,-0.0513595235723175
2013-02-16,16-02-2013,0.735894325,0.792893253937638,-0.0569989289376374
2013-02-17,17-02-2013,0.752815364,0.79371833075932,-0.0409029667593191
2013-02-18,18-02-2013,0.759931547,0.79454888543994,-0.0346173384399394
2013-02-19,19-02-2013,0.832678732,0.795384672764778,0.0372940592352232
2013-02-20,20-02-2013,0.815168965,0.796225445974217,0.018943519025783
2013-02-21,21-02-2013,0.781451258,0.797070956836599,-0.0156196988365996
2013-02-22,22-02-2013,0.744486003,0.79792095572151,-0.0534349527215102
2013-02-23,23-02-2013,0.68624664,0.798775191673482,-0.112528551673482
2013-02-24,24-02-2013,0.75222003,0.799633412486088,-0.0474133824860874
2013-02-25,25-02-2013,0.729240072,0.800495364776401,-0.071255292776401
2013-02-26,26-02-2013,0.765203524,0.801360794059805,-0.0361572700598041
2013-02-27,27-02-2013,0.771666607,0.802229444825128,-0.0305628378251283
2013-02-28,28-02-2013,0.833809285,0.803101060610085,0.030708224389915
2013-03-01,01-03-2013,0.731853866,0.803975384076987,-0.0721215180769872
2013-03-02,02-03-2013,0.845442621,0.804852157088727,0.040590463911273
2013-03-03,03-03-2013,0.844621831,0.805731120784988,0.038890710215011
2013-03-04,04-03-2013,0.833336417,0.806612015658671,0.0267244013413294
2013-03-05,05-03-2013,0.756694359,0.80749458163251,-0.0508002226325101
2013-03-06,06-03-2013,0.822360421,0.808378558135863,0.0139818628641366
2013-03-07,07-03-2013,0.832298342,0.809263684181638,0.0230346578183614
2013-03-08,08-03-2013,0.772330072,0.810149698443352,-0.0378196264433531
2013-03-09,09-03-2013,0.77052385,0.811036339332281,-0.0405124893322815
2013-03-10,10-03-2013,0.81521463,0.811923345074695,0.0032912849253057
2013-03-11,11-03-2013,0.81997904,0.812810453789144,0.00716858621085695
2013-03-12,12-03-2013,0.810644864,0.813697403563775,-0.00305253956377565
2013-03-13,13-03-2013,0.845066023,0.814583932533665,0.0304820904663356
2013-03-14,14-03-2013,0.749257529,0.815469778958124,-0.0662122499581236
2013-03-15,15-03-2013,0.808636104,0.816354681297984,-0.00771857729798241
2013-03-16,16-03-2013,0.810330293,0.817238378292805,-0.00690808529280557
2013-03-17,17-03-2013,0.83386682,0.818120609038022,0.0157462109619778
2013-03-18,18-03-2013,0.853358717,0.819001113061963,0.0343576039380365
2013-03-19,19-03-2013,0.836312797,0.81987963040276,0.0164331665972391
2013-03-20,20-03-2013,0.814359192,0.820755901685096,-0.0063967096850964
2013-03-21,21-03-2013,0.804228309,0.821629668196786,-0.0174013591967865
2013-03-22,22-03-2013,0.763823879,0.822500671965158,-0.0586767929651579
2013-03-23,23-03-2013,0.819499245,0.823368655833219,-0.00386941083321909
2013-03-24,24-03-2013,0.775556279,0.824233363535577,-0.0486770845355775
2013-03-25,25-03-2013,0.725631109,0.825094539774103,-0.0994634307741032
2013-03-26,26-03-2013,0.750141453,0.825951930293304,-0.0758104772933038
2013-03-27,27-03-2013,0.749850812,0.82680528195539,-0.0769544699553893
2013-03-28,28-03-2013,0.827691186,0.827654342815014,3.68431849862655E-05
2013-03-29,29-03-2013,0.837649729,0.828498862193653,0.00915086680634801
2013-03-30,30-03-2013,0.744643961,0.829338590753621,-0.0846946297536203
2013-03-31,31-03-2013,0.689389286,0.830173280571682,-0.140783994571682
2013-04-01,01-04-2013,0.888503332,0.831002685212251,0.0575006467877495
2013-04-02,02-04-2013,0.849689468,0.831826559800149,0.0178629081998512
2013-04-03,03-04-2013,0.701591091,0.832644661092902,-0.131053570092902
2013-04-04,04-04-2013,0.674643833,0.833456747552554,-0.158812914552554
2013-04-05,05-04-2013,0.903041458,0.834262579416983,0.0687788785830165
2013-04-06,06-04-2013,0.679645611,0.835061918770687,-0.155416307770686
2013-04-07,07-04-2013,0.84898425,0.835854529615024,0.0131297203849764
2013-04-08,08-04-2013,0.831488714,0.836640177937894,-0.00515146393789447
2013-04-09,09-04-2013,0.825793345,0.837418631782827,-0.011625286782826
2013-04-10,10-04-2013,0.85590179,0.838189661317462,0.0177121286825379
2013-04-11,11-04-2013,0.859412189,0.838953038901412,0.0204591500985877
2013-04-12,12-04-2013,0.857205166,0.839708539153465,0.017496626846535
2013-04-13,13-04-2013,0.850116184,0.840455939018129,0.00966024498187043
2013-04-14,14-04-2013,0.841637306,0.84119501783149,0.000442288168510921
2013-04-15,15-04-2013,0.832013564,0.841925557386354,-0.00991199338635418
2013-04-16,16-04-2013,0.874976676,0.842647341996683,0.0323293340033168
2013-04-17,17-04-2013,0.863036529,0.843360158561261,0.01967637043874
2013-04-18,18-04-2013,0.877491382,0.844063796626618,0.0334275853733824
2013-04-19,19-04-2013,0.87364893,0.844758048449166,0.0288908815508338
2013-04-20,20-04-2013,0.871237151,0.845442709056529,0.025794441943471
2013-04-21,21-04-2013,0.838097187,0.846117576308062,-0.00802038930806268
2013-04-22,22-04-2013,0.848585414,0.846782450954532,0.00180296304546692
2013-04-23,23-04-2013,0.81078467,0.847437136696945,-0.0366524666969437
2013-04-24,24-04-2013,0.879860395,0.848081440244494,0.0317789547555058
2013-04-25,25-04-2013,0.880434044,0.848715171371642,0.0317188726283584
2013-04-26,26-04-2013,0.861027417,0.849338142974269,0.0116892740257311
2013-04-27,27-04-2013,0.861027417,0.849950171124924,0.0110772458750756
2013-04-28,28-04-2013,0.861027417,0.850551075127123,0.0104763418728778
2013-04-29,29-04-2013,0.861027417,0.851140677568696,0.00988673943130427
2013-04-30,30-04-2013,0.861027417,0.851718804374174,0.00930861262582591
2013-05-01,01-05-2013,0.861027417,0.852285284856176,0.00874213214382381
2013-05-02,02-05-2013,0.869460323,0.852839951765808,0.0166203712341913
2013-05-03,03-05-2013,0.882876496,0.853382641342039,0.0294938546579607
2013-05-04,04-05-2013,0.862224297,0.853913193360051,0.00831110363994907
2013-05-05,05-05-2013,0.810439827,0.854431451178546,-0.0439916241785467
2013-05-06,06-05-2013,0.847738715,0.85493726178599,-0.00719854678599006
2013-05-07,07-05-2013,0.840939595,0.85543047584579,-0.0144908808457899
2013-05-08,08-05-2013,0.881391093,0.855910947740384,0.0254801452596167
2013-05-09,09-05-2013,0.768872059,0.856378535614235,-0.0875064766142354
2013-05-10,10-05-2013,0.892743129,0.856833101415712,0.0359100275842892
2013-05-11,11-05-2013,0.680515993,0.857274510937844,-0.176758517937845
2013-05-12,12-05-2013,1.00186712,0.857702633857954,0.144164486142047
2013-05-13,13-05-2013,0.848407591,0.858117343776125,-0.00970975277612485
2013-05-14,14-05-2013,0.840061166,0.858518518252523,-0.0184573522525232
2013-05-15,15-05-2013,0.926079108,0.85890603884355,0.0671730691564501
2013-05-16,16-05-2013,0.920845778,0.859279791136807,0.061565986863194
2013-05-17,17-05-2013,0.776558667,0.859639664784876,-0.0830809977848757
2013-05-18,18-05-2013,0.926748294,0.859985553537901,0.0667627404620998
2013-05-19,19-05-2013,0.921985457,0.860317355274956,0.0616681017250443
2013-05-20,20-05-2013,0.788438481,0.860634972034195,-0.0721964910341939
2013-05-21,21-05-2013,0.885736839,0.860938310041773,0.0247985289582274
2013-05-22,22-05-2013,0.934613936,0.861227279739538,0.0733866562604627
2013-05-23,23-05-2013,0.816267809,0.861501795811464,-0.0452339868114634
2013-05-24,24-05-2013,0.883237608,0.861761777208846,0.0214758307911539
2013-05-25,25-05-2013,0.905806712,0.862007147174228,0.0437995648257722
2013-05-26,26-05-2013,0.906412024,0.862237833264062,0.0441741907359387
2013-05-27,27-05-2013,0.868624836,0.862453767370098,0.00617106862990233
2013-05-28,28-05-2013,0.907104456,0.862654885739496,0.0444495702605032
2013-05-29,29-05-2013,0.904697494,0.862841128993644,0.0418563650063568
2013-05-30,30-05-2013,0.91918732,0.863012442145688,0.0561748778543125
2013-05-31,31-05-2013,0.738266481,0.863168774616771,-0.124902293616771
2013-06-01,01-06-2013,0.794376753,0.863310080250966,-0.0689333272509655
2013-06-02,02-06-2013,0.785783547,0.863436317328898,-0.0776527703288971
2013-06-03,03-06-2013,0.732281438,0.863547448580064,-0.131266010580063
2013-06-04,04-06-2013,0.811036214,0.863643441193839,-0.0526072271938391
2013-06-05,05-06-2013,0.860671328,0.863724266829163,-0.00305293882916193
2013-06-06,06-06-2013,0.822516376,0.863789901622901,-0.0412735256229008
2013-06-07,07-06-2013,0.9486122,0.863840326196901,0.0847718738030999
2013-06-08,08-06-2013,0.834188012,0.863875525663703,-0.0296875136637027
2013-06-09,09-06-2013,0.905891855,0.863895489630943,0.0419963653690574
2013-06-10,10-06-2013,0.91690056,0.863900212204418,0.0530003477955826
2013-06-11,11-06-2013,0.88935543,0.863889691989823,0.0254657380101769
2013-06-12,12-06-2013,0.913217099,0.863863932093171,0.0493531669068292
2013-06-13,13-06-2013,0.944949147,0.863822940119867,0.0811262068801336
2013-06-14,14-06-2013,0.943898562,0.863766728172467,0.0801318338275323
2013-06-15,15-06-2013,0.706179699,0.863695312847107,-0.157515613847108
2013-06-16,16-06-2013,0.944837813,0.863608715228598,0.0812290977714022
2013-06-17,17-06-2013,0.866014983,0.863506960884204,0.00250802211579681
2013-06-18,18-06-2013,0.747293608,0.863390079856091,-0.116096471856092
2013-06-19,19-06-2013,0.898013006,0.863258106652463,0.0347548993475364
2013-06-20,20-06-2013,0.862850734,0.863111080237367,-0.00026034623736686
2013-06-21,21-06-2013,0.915436286,0.862949044019191,0.0524872419808082
2013-06-22,22-06-2013,0.906431771,0.862772045837854,0.0436597251621471
2013-06-23,23-06-2013,0.90004452,0.862580137950668,0.0374643820493313
2013-06-24,24-06-2013,0.727854803,0.862373377016928,-0.134518574016928
2013-06-25,25-06-2013,0.760133319,0.862151824081167,-0.102018505081166
2013-06-26,26-06-2013,0.772989864,0.861915544555142,-0.0889256805551419
2013-06-27,27-06-2013,0.795768171,0.861664608198519,-0.0658964371985191
2013-06-28,28-06-2013,0.802827839,0.86139908909828,-0.0585712500982792
2013-06-29,29-06-2013,0.831317293,0.861119065646843,-0.0298017726468438
2013-06-30,30-06-2013,0.933029219,0.860824620518927,0.0722045984810732
2013-07-01,01-07-2013,0.932447135,0.860515840647131,0.0719312943528689
2013-07-02,02-07-2013,0.408841155,0.860192817196278,-0.451351662196277
2013-07-03,03-07-2013,0.883493546,0.859855645536493,0.023637900463507
2013-07-04,04-07-2013,0.877384269,0.859504425215051,0.017879843784949
2013-07-05,05-07-2013,0.931180244,0.859139259926983,0.0720409840730176
2013-07-06,06-07-2013,0.900861666,0.858760257484458,0.0421014085155428
2013-07-07,07-07-2013,0.901405292,0.858367529784959,0.04303776221504
2013-07-08,08-07-2013,0.851308592,0.857961192778243,-0.00665260077824276
2013-07-09,09-07-2013,0.992889632,0.857541366432105,0.135348265567895
2013-07-10,10-07-2013,0.751687758,0.857108174696964,-0.105420416696964
2013-07-11,11-07-2013,0.932375021,0.856661745469262,0.0757132755307375
2013-07-12,12-07-2013,0.929019306,0.85620221055371,0.0728170954462893
2013-07-13,13-07-2013,0.883420688,0.855729705624366,0.0276909823756336
2013-07-14,14-07-2013,0.948391709,0.855244370184585,0.0931473388154153
2013-07-15,15-07-2013,0.926102455,0.854746347525826,0.0713561074741743
2013-07-16,16-07-2013,0.92354246,0.854235784685353,0.0693066753146462
2013-07-17,17-07-2013,0.932748437,0.853712832402819,0.0790356045971814
2013-07-18,18-07-2013,0.888298988,0.853177645075758,0.035121342924241
2013-07-19,19-07-2013,0.932332891,0.852630380714011,0.0797025102859893
2013-07-20,20-07-2013,0.929316745,0.852071200893062,0.0772455441069372
2013-07-21,21-07-2013,0.914860025,0.851500270706346,0.0633597542936544
2013-07-22,22-07-2013,0.919109571,0.850917758716495,0.0681918122835049
2013-07-23,23-07-2013,0.922022238,0.850323836905582,0.0716984010944177
2013-07-24,24-07-2013,0.910100641,0.849718680624337,0.0603819603756629
2013-07-25,25-07-2013,0.905860667,0.84910246854038,0.0567581984596204
2013-07-26,26-07-2013,0.883910875,0.848475382585468,0.0354354924145326
2013-07-27,27-07-2013,0.881874471,0.847837607901784,0.0340368630982157
2013-07-28,28-07-2013,0.868242118,0.847189332787274,0.0210527852127263
2013-07-29,29-07-2013,0.902384834,0.846530748640052,0.0558540853599471
2013-07-30,30-07-2013,0.915932479,0.845862049901895,0.070070429098104
2013-07-31,31-07-2013,0.913049247,0.845183434000832,0.0678658129991683
2013-08-01,01-08-2013,0.892749017,0.844495101292853,0.0482539157071465
2013-08-02,02-08-2013,0.892878962,0.843797255002765,0.0490817069972355
2013-08-03,03-08-2013,0.894789908,0.843090101164178,0.0516998068358213
2013-08-04,04-08-2013,0.884210688,0.842373848558689,0.0418368394413107
2013-08-05,05-08-2013,0.866103857,0.841648708654229,0.0244551483457705
2013-08-06,06-08-2013,0.858213008,0.840914895542638,0.0172981124573626
2013-08-07,07-08-2013,0.862731777,0.840172625876448,0.0225591511235524
2013-08-08,08-08-2013,0.886302774,0.839422118804924,0.0468806551950761
2013-08-09,09-08-2013,0.874934181,0.838663595909361,0.0362705850906384
2013-08-10,10-08-2013,0.864160027,0.837897281137662,0.0262627458623372
2013-08-11,11-08-2013,0.870638421,0.837123400738219,0.0335150202617803
2013-08-12,12-08-2013,0.911886152,0.836342183193118,0.075543968806883
2013-08-13,13-08-2013,0.88464081,0.835553859150676,0.0490869508493241
2013-08-14,14-08-2013,0.893838752,0.83475866135735,0.0590800906426497
2013-08-15,15-08-2013,0.860802842,0.833956824589019,0.0268460174109809
2013-08-16,16-08-2013,0.75665933,0.833148585581663,-0.0764892555816629
2013-08-17,17-08-2013,0.855605799,0.832334182961476,0.0232716160385244
2013-08-18,18-08-2013,0.877445175,0.831513857174408,0.0459313178255923
2013-08-19,19-08-2013,0.808547512,0.830687850415178,-0.0221403384151784
2013-08-20,20-08-2013,0.736033068,0.829856406555768,-0.0938233385557682
2013-08-21,21-08-2013,0.861201427,0.82901977107342,0.0321816559265791
2013-08-22,22-08-2013,0.871687373,0.828178190978163,0.0435091820218372
2013-08-23,23-08-2013,0.860928665,0.827331914739882,0.0335967502601188
2013-08-24,24-08-2013,0.856669045,0.826481192214962,0.0301878527850389
2013-08-25,25-08-2013,0.845328557,0.825626274572519,0.0197022824274805
2013-08-26,26-08-2013,0.824827528,0.824767414220245,6.01137797547214E-05
2013-08-27,27-08-2013,0.810504305,0.823904864729886,-0.0134005597298859
2013-08-28,28-08-2013,0.809192343,0.823038880762377,-0.0138465377623766
2013-08-29,29-08-2013,0.815272805,0.822169717992653,-0.0068969129926531
2013-08-30,30-08-2013,0.827684416,0.821297633034168,0.00638678296583171
2013-08-31,31-08-2013,0.805083327,0.820422883363129,-0.0153395563631293
2013-09-01,01-09-2013,0.758208644,0.819545727242477,-0.0613370832424773
2013-09-02,02-09-2013,0.673304215,0.818666423645639,-0.145362208645639
2013-09-03,03-09-2013,0.801102693,0.817785232180067,-0.0166825391800674
2013-09-04,04-09-2013,0.789812076,0.816902413010592,-0.0270903370105925
2013-09-05,05-09-2013,0.78208564,0.816018226782612,-0.0339325867826123
2013-09-06,06-09-2013,0.782515225,0.815132934545136,-0.0326177095451366
2013-09-07,07-09-2013,0.773685402,0.814246797673718,-0.0405613956737172
2013-09-08,08-09-2013,0.806268783,0.813360077793278,-0.00709129479327704
2013-09-09,09-09-2013,0.778361686,0.812473036700868,-0.0341113507008681
2013-09-10,10-09-2013,0.803155945,0.811585936288376,-0.00842999128837561
2013-09-11,11-09-2013,0.714025004,0.810699038465202,-0.0966740344652016
2013-09-12,12-09-2013,0.728313241,0.809812605080933,-0.0814993640809339
2013-09-13,13-09-2013,0.798976632,0.808926897848036,-0.00995026584803695
2013-09-14,14-09-2013,0.745217169,0.808042178264588,-0.0628250092645882
2013-09-15,15-09-2013,0.783919442,0.807158707537065,-0.0232392655370645
2013-09-16,16-09-2013,0.816402849,0.806276746503234,0.0101261024967658
2013-09-17,17-09-2013,0.77972051,0.805396555555134,-0.0256760455551343
2013-09-18,18-09-2013,0.797022693,0.804518394562201,-0.00749570156220089
2013-09-19,19-09-2013,0.786493818,0.803642522794543,-0.0171487047945421
2013-09-20,20-09-2013,0.777383292,0.80276919884639,-0.0253859068463904
2013-09-21,21-09-2013,0.759794846,0.801898680559752,-0.0421038345597524
2013-09-22,22-09-2013,0.767450004,0.801031224948288,-0.0335812209482873
2013-09-23,23-09-2013,0.764258741,0.800167088121424,-0.0359083471214248
2013-09-24,24-09-2013,0.743373867,0.799306525208746,-0.0559326582087457
2013-09-25,25-09-2013,0.759942037,0.798449790284664,-0.0385077532846642
2013-09-26,26-09-2013,0.794189915,0.79759713629341,-0.00340722129341028
2013-09-27,27-09-2013,0.729852775,0.79674881497435,-0.0668960399743501
2013-09-28,28-09-2013,0.713544188,0.795905076787663,-0.0823608887876624
2013-09-29,29-09-2013,0.802451995,0.795066170840393,0.00738582415960688
2013-09-30,30-09-2013,0.784108796,0.794232344812908,-0.0101235488129076
2013-10-01,01-10-2013,0.744134767,0.793403844885763,-0.0492690778857635
2013-10-02,02-10-2013,0.805895193,0.79258091566703,0.0133142773329697
2013-10-03,03-10-2013,0.830981919,0.791763800120071,0.0392181188799297
2013-10-04,04-10-2013,0.797237042,0.790952739491805,0.00628430250819438
2013-10-05,05-10-2013,0.769603292,0.790147973241488,-0.0205446812414881
2013-10-06,06-10-2013,0.751659058,0.789349738970006,-0.037690680970007
2013-10-07,07-10-2013,0.757527544,0.788558272349737,-0.0310307283497369
2013-10-08,08-10-2013,0.768090196,0.787773807054954,-0.0196836110549543
2013-10-09,09-10-2013,0.757852062,0.786996574692851,-0.0291445126928514
2013-10-10,10-10-2013,0.733027811,0.786226804735152,-0.0531989937351522
2013-10-11,11-10-2013,0.729824213,0.785464724450368,-0.0556405114503679
2013-10-12,12-10-2013,0.845005234,0.784710558836691,0.0602946751633086
2013-10-13,13-10-2013,0.808947059,0.783964530555572,0.0249825284444282
2013-10-14,14-10-2013,0.813024298,0.783226859865977,0.0297974381340227
2013-10-15,15-10-2013,0.780239694,0.782497764559359,-0.00225807055935861
2013-10-16,16-10-2013,0.760519725,0.781777459895358,-0.0212577348953583
2013-10-17,17-10-2013,0.802565964,0.781066158538245,0.0214998054617552
2013-10-18,18-10-2013,0.771059298,0.780364070494136,-0.00930477249413682
2013-10-19,19-10-2013,0.747998715,0.779671403048989,-0.0316726880489893
2013-10-20,20-10-2013,0.733380075,0.778988360707405,-0.0456082857074049
